FID,FID_1,objectid_1,geoid,ct,TotalCount,Shape_Leng,Shape_Area,Shape__Are,Shape__Len,homeless_d
0,1,116,6073005500,5500,149,0.0269502015413,4740260.51159,623960.03125,3280.10847914,31.4328715976
1,2,568,6073018517,18517,5,0.0600583788011,20894679.7159,2779410.08984,7283.3046023,0.239295364561
2,3,710,6073020813,20813,1,0.164494874104,141790908.222,18793547.3711,19907.9900285,0.0070526383711
3,4,152,6073007912,7912,8,0.0323694518377,4287627.89728,565377.242188,3816.94217756,1.86583355451
4,5,150,6073007910,7910,35,0.0393812411726,7365898.24811,971116.820312,4652.53496292,4.75162686492
5,6,435,6073016301,16301,9,0.0413717447272,11484688.6396,1514427.76562,5011.63328784,0.78365206776
6,7,274,6073010009,10009,2,0.0998663786737,43485452.918,5701124.82031,11616.7452999,0.0459923920712
7,8,585,6073018618,18618,3,0.0392236760796,8659025.96348,1153486.09766,4833.34005476,0.346459291455
8,9,374,6073013506,13506,5,0.119040953127,73342736.7764,9653638.25781,14458.1458338,0.0681730764321
9,10,124,6073006100,6100,10,0.0442234516125,9602872.44644,1264376.04688,5436.40028351,1.04135507951
10,11,681,6073020304,20304,1,0.166582560271,149412123.87,19868889.6602,20174.8223185,0.00669289729708
11,12,684,6073020309,20309,6,0.0722723490518,30515170.5644,4054296.25,8701.37787799,0.196623511815
12,13,559,6073018302,18302,3,0.0620001297518,4460830.71095,593405.039062,7694.50400052,0.67252047755
13,14,56,6073003003,3003,3,0.101850182729,35233379.5347,4637863.75,12306.769895,0.0851465297856
14,15,440,6073016502,16502,6,0.0606041970684,22635858.0278,2985649.14844,7374.86127947,0.265066161514
15,16,155,6073008006,8006,6,0.0547817965337,10110272.9658,1333390.59375,6434.5724268,0.593455787029
16,17,192,6073008359,8359,6,0.0439750507423,11986710.0982,1584464.58594,5494.4418422,0.500554359857
17,18,107,6073005102,5102,117,0.0206430667123,2443882.17356,321578.386719,2506.92306871,47.8746484858
18,19,558,6073018301,18301,13,0.117929448036,11962915.94,1591749.35547,14534.4823071,1.08669157797
19,20,733,6073022000,22000,28,0.0438866413598,7862105.87733,1033846.51953,5382.52649715,3.56138678833
20,21,5,6073000302,302,30,0.0307076300697,5349391.17285,704461.039062,3734.02289037,5.60811483599
21,22,368,6073013423,13423,3,0.208811448264,167401936.617,22016389.1133,25328.4136734,0.0179209396297
22,23,362,6073013416,13416,1,0.0661582441244,23742379.953,3119850.09375,7976.03139964,0.0421187767182
23,24,557,6073018202,18202,5,0.0393114271844,6620942.70694,880805.199219,4776.44057584,0.755179469346
24,25,20,6073001500,1500,23,0.0371025482003,8538770.37901,1124455.19922,4473.68707926,2.69359626493
25,26,736,6073009902,9902,8,0.45363509305,155659531.135,20482748.5938,54057.1675042,0.0513942187906
26,27,580,6073018612,18612,32,0.152181291688,65178530.8134,8683327.41016,17673.7529867,0.490959210044
27,28,676,6073020209,20209,10,0.0368728180814,9444450.06024,1254883.98047,4596.40115101,1.05882289982
28,29,127,6073006500,6500,52,0.125926894957,40026775.1957,5272056.57422,14639.5424056,1.29913038824
29,30,64,6073003111,3111,27,0.076209685282,15473579.4955,2035758.78906,9140.60334597,1.74490976751
30,31,51,6073002902,2902,8,0.0538327308399,16905039.1561,2227036.82812,6533.53715853,0.47323167525
31,32,624,6073019503,19503,23,0.0711092013574,19266973.7083,2563566.40625,8680.23820218,1.19375260216
32,33,29,6073002201,2201,4,0.0238524611138,3846705.29955,506665.792969,2886.20742025,1.03985090838
33,34,93,6073003902,3902,1,0.04372558423,12616588.2219,1659697.93359,5269.17425474,0.0792607305883
34,35,727,6073021402,21402,1,0.0604429178549,8504089.20157,1119466.18359,7326.09497021,0.117590488093
35,36,626,6073019602,19602,11,0.112273202949,47547852.3708,6325857.99609,13483.5589802,0.231345885282
36,37,342,6073013312,13312,1,0.0407838699728,9523319.58503,1250072.71094,5053.88965217,0.105005401853
37,38,325,6073012800,12800,5,0.0430583788772,11140473.9213,1463499.82422,5156.14061494,0.448813940531
38,39,11,6073000901,901,6,0.0235214606688,3773063.10583,496959.058594,2905.63714712,1.59021989076
39,40,424,6073015704,15704,25,0.0438611220488,10146736.3025,1337630.62109,5162.14925468,2.46384642852
40,41,459,6073016705,16705,10,0.0799409485697,16117120.9775,2127604.75391,9685.66924881,0.620458208011
41,42,620,6073019405,19405,5,0.0476600267056,11967069.6394,1592168.26172,5986.14094163,0.417813228356
42,43,383,6073013802,13802,3,0.0334559467362,7619390.40288,1003176.51562,4072.43974508,0.393732285836
43,44,146,6073007800,7800,21,0.0862068158058,21503034.0993,2835574.23828,10494.9299971,0.976606366479
44,45,228,6073008701,8701,1,0.0680219033982,18487651.682,2437597.30078,8348.28982307,0.0540901579714
45,46,315,6073012200,12200,6,0.0584090408132,19074771.7348,2507380.33984,6943.63410896,0.314551601635
46,47,129,6073006801,6801,7,0.0400969440364,7240167.61793,953681.121094,4617.94190481,0.966828445058
47,48,321,6073012501,12501,10,0.0268377031377,4963388.34548,651996.289062,3278.1641236,2.01475268586
48,49,693,6073020500,20500,15,0.0655540155641,22416278.7529,2976638.69531,7819.20356902,0.669156560968
49,50,222,6073008509,8509,1,0.0613203725409,21019810.9972,2772520.48828,7384.45547739,0.0475741670624
50,51,296,6073010402,10402,1,0.0366228165424,7392124.59625,969707.535156,4382.23585702,0.135279105077
51,52,572,6073018521,18521,18,0.0981401160979,35490363.8306,4726396.1875,11790.6287691,0.507179923145
52,53,317,6073012303,12303,16,0.0704961324149,16855167.6301,2214994.375,8264.12932701,0.949263771867
53,54,530,6073017307,17307,2,0.0604873101223,15966352.7855,2114224.10547,7411.22291085,0.125263422829
54,55,536,6073017408,17408,3,0.059729673499,16050044.7916,2126607.13672,7285.6638777,0.186915366216
55,56,139,6073007402,7402,2,0.0461251263473,9889573.44399,1302338.1875,5686.69360417,0.202233191485
56,57,148,6073007907,7907,3,0.0272278386046,5056847.0016,666721.789062,3282.559152,0.593255045891
57,58,366,6073013421,13421,1,0.104590039861,26657071.9454,3502633.4375,12157.7757877,0.0375134974332
58,59,271,6073010003,10003,13,0.0448668147009,13761836.8094,1805539.56641,5409.18026764,0.94464134258
59,60,511,6073017066,17066,3,0.374730981826,283862932.788,37628940.4062,45451.346209,0.0105684809585
60,61,553,6073018000,18000,31,0.0747756918594,14887731.3197,1978884.04297,9219.34289034,2.08225144143
61,62,313,6073012101,12101,5,0.045268048891,7455996.28951,980124.855469,5549.23189532,0.670601192095
62,63,371,6073013503,13503,15,0.073233375461,29721291.4645,3913546.52734,8818.29883201,0.50468870163
63,64,381,6073013702,13702,3,0.0809554519233,26445206.7394,3482274.10547,9830.11483095,0.113442108037
64,65,12,6073000902,902,7,0.0213035551879,2918696.35476,384428.292969,2658.52452893,2.39833101809
65,66,245,6073009305,9305,76,0.0546299764905,16907363.1511,2228880.30469,6820.43417713,4.49508296006
66,67,589,6073018622,18622,1,0.0435334746001,11578790.1567,1541790.19141,5206.15641454,0.0863648089711
67,68,286,6073010106,10106,15,0.0492927018651,14399114.0001,1888850.89844,5845.606156,1.04173076204
68,69,475,6073017018,17018,16,0.0887997560008,19708156.83,2608145.90625,10937.8214632,0.81184659418
69,70,555,6073018102,18102,10,0.0715097210846,14140076.6267,1880286.47656,8753.73450943,0.707209746029
70,71,336,6073013302,13302,1,0.056644193708,15067416.0665,1978465.75391,6649.17389085,0.0663683803239
71,72,195,6073008362,8362,7,0.0479535363578,9539014.37474,1259451.14844,6117.93158913,0.733828436042
72,73,219,6073008505,8505,8,0.0808047798558,31783917.892,4194712.12891,9489.84024962,0.251699618253
73,74,21,6073001600,1600,10,0.0344742606942,7407500.81866,975666.136719,4110.12774201,1.34998297601
74,75,224,6073008511,8511,185,0.178688185506,163749087.469,21603945.9414,21429.4234073,1.12977728829
75,76,428,6073015802,15802,27,0.0395134030756,10147029.3779,1337680.83984,4705.24027247,2.66087728679
76,77,703,6073020801,20801,1,0.743088546104,1456401648.01,192938909.195,90334.0393269,0.000686623776735
77,78,50,6073002804,2804,7,0.0472239568216,15835928.4581,2086394.48438,5739.09383689,0.442032812823
78,79,552,6073017902,17902,2,0.0397958687334,8670360.3266,1152364.28516,4944.0287719,0.230670920776
79,80,380,6073013701,13701,2,0.0829048634024,24552449.988,3234174.93359,9908.54396816,0.0814582659155
80,81,230,6073008800,8800,7,0.0577192301508,15726120.8118,2072757.66016,7218.43093613,0.445119307156
81,82,709,6073020812,20812,1,0.110211679003,69477661.3704,9214960.00781,13486.9193838,0.0143931154313
82,83,444,6073016607,16607,13,0.0850772118349,44143933.6825,5827678.60156,10437.76055,0.294491199935
83,84,260,6073009604,9604,11,0.0611050668486,19676508.4779,2593682.36719,7295.60899768,0.559042271771
84,85,92,6073003901,3901,6,0.0374335676915,6905666.34568,908569.859375,4392.07349951,0.868851708098
85,86,464,6073016809,16809,2,0.137642695936,60765121.5241,8017564.59375,16742.5238595,0.03291361804
86,87,732,6073021900,21900,41,0.145721825379,99627395.4011,13096124.6016,17718.884465,0.411533392346
87,88,597,6073018905,18905,2,0.0881900887373,30461570.7574,4068980.3125,10371.9799625,0.0656564960464
88,89,294,6073010300,10300,2,0.0432614824338,12056740.5624,1581718.42188,5356.37924854,0.165882312027
89,90,229,6073008702,8702,17,0.0876263826033,29014987.4713,3824789.52734,11251.1187051,0.585904095834
90,91,41,6073002705,2705,2,0.0504469572797,13210851.3302,1739325.52344,6366.46862499,0.151390697693
91,92,665,6073020105,20105,1,0.0877058468306,28315744.8426,3764140.81641,10993.4920965,0.0353160407949
92,93,625,6073019601,19601,34,0.0893625754964,37784461.3878,5028245.375,10698.7268769,0.899840800985
93,94,88,6073003601,3601,4,0.0442677500275,9676250.37845,1272731.19141,5386.60043456,0.413383267646
94,95,259,6073009603,9603,38,0.0526259976716,18628819.4057,2455466.375,6320.37604568,2.03985014683
95,96,322,6073012502,12502,20,0.0891989992463,46827495.989,6152312.06641,10624.4318829,0.42709949737
96,97,86,6073003501,3501,2,0.0423631434671,12789083.2026,1682737.87109,5135.5180682,0.15638337544
97,98,389,6073013909,13909,1,0.0450927264842,11625774.0845,1529866.67969,5294.64149404,0.0860157777651
98,99,320,6073012402,12402,12,0.040295122136,9654393.70969,1268483.16406,4800.05587834,1.24295738923
99,100,570,6073018519,18519,1,0.0538300333696,16722384.9088,2224733.39062,6825.41329715,0.0598000826708
100,101,115,6073005403,5403,16,0.0356933611569,5551148.72442,730440.164062,4257.96935982,2.88228631483
101,102,512,6073017067,17067,1,0.0722798445845,26432713.9604,3496584.03125,8615.10471554,0.0378319078963
102,103,562,6073018509,18509,4,0.0573453604097,21954859.4116,2921200.0625,6961.11242408,0.182192011573
103,104,404,6073014805,14805,2,0.0635726018915,13967019.2829,1840655.47266,7495.91475272,0.143194475463
104,105,648,6073020028,20028,1,0.0299020230623,4918622.48489,653588.765625,3526.78555583,0.20330895552
105,106,104,6073004900,4900,18,0.0414307935069,8515090.46436,1120274.88281,4969.1855832,2.11389415947
106,107,324,6073012700,12700,12,0.0476878312219,12260191.6384,1610530.21484,5757.13671464,0.978777522728
107,108,60,6073003105,3105,2,0.0464414100767,13030048.8079,1714623.57812,5682.16268142,0.153491366724
108,109,646,6073020025,20025,17,0.0654337827096,21108552.1645,2804769.17188,7706.45427782,0.805360778301
109,110,160,6073008301,8301,2,0.0752741316131,25345718.9538,3343201.36719,9182.94853905,0.0789087894348
110,111,279,6073010015,10015,39,0.445216948292,435709909.417,57140635.0469,51064.388035,0.0895090957472
111,112,542,6073017606,17606,2,0.0932799252471,21465956.818,2846728.07031,11504.4479905,0.0931707827868
112,113,79,6073003301,3301,14,0.0497456617529,16415667.0902,2159749.56641,6031.0970793,0.852843806047
113,114,583,6073018616,18616,69,0.115466300533,41200524.1617,5483887.71875,13939.9327065,1.67473597494
114,115,149,6073007908,7908,3,0.0271389406111,4942578.67769,651680.195312,3273.67966399,0.606970611018
115,116,216,6073008502,8502,2,0.0698601479572,34232986.6431,4517628.86328,8426.76457368,0.0584231817355
116,117,454,6073016619,16619,1,0.120766939987,51122970.3404,6744915.09375,14666.8859669,0.0195606787583
117,118,67,6073003114,3114,1,0.0480063502836,12227225.958,1608584.29297,5574.8829747,0.0817846994433
118,119,337,6073013303,13303,1,0.0634005915219,14880345.5611,1953560.78516,7425.16643474,0.0672027404131
119,120,119,6073005700,5700,88,0.0218786217644,2931642.36232,385901.910156,2585.1466366,30.0173039969
120,121,120,6073005801,5801,30,0.0257827647885,3556927.7881,468219.132812,3125.73660263,8.43424488413
121,122,689,6073020401,20401,2,0.169442826902,107531225.274,14265439.75,20572.3385037,0.0185992486825
122,123,610,6073019206,19206,1,0.0544646065607,15556987.1935,2070696.81641,6524.77238672,0.0642797983672
123,124,569,6073018518,18518,2,0.0428823573246,10658872.0248,1417899.19922,5422.00673904,0.187637115386
124,125,387,6073013907,13907,2,0.0480956255741,14423759.8276,1898431.54297,5881.2131795,0.138660101382
125,126,437,6073016401,16401,7,0.0596841260093,25256807.099,3331323.9375,7142.00946924,0.277153005626
126,127,635,6073019811,19811,1,0.218835876784,105903756.061,14073264.6367,26113.4897194,0.00944253572483
127,128,403,6073014804,14804,10,0.0697940326219,13709795.7652,1807159.79297,8204.81323292,0.72940546827
128,129,307,6073011700,11700,11,0.0525297605027,17553886.0162,2307992.28516,6244.30954244,0.626641872338
129,130,42,6073002707,2707,4,0.0252986991829,4128567.12077,543797.214844,3108.17776365,0.968859142407
130,131,105,6073005000,5000,146,0.0782926371408,26100084.1012,3433091.11719,9441.3161378,5.59385170691
131,132,400,6073014701,14701,2,0.0491504836002,11989662.1345,1579631.87109,5897.52165832,0.166810371932
132,133,622,6073019501,19501,6,0.0397644450386,8379179.70741,1115116.00781,4866.87134279,0.716060546439
133,134,142,6073007601,7601,14,0.26408590595,184289541.002,24286473.4648,32179.6822355,0.075967414775
134,135,319,6073012401,12401,49,0.0737508112774,16253421.0486,2135966.07031,8884.1988075,3.01474993194
135,136,257,6073009511,9511,3,0.0595783042283,16535277.0332,2180445.34766,7400.14995462,0.181430283507
136,137,247,6073009307,9307,28,0.144315058752,51862848.2494,6834435.10156,17118.2654239,0.539885504656
137,138,443,6073016606,16606,10,0.0847374159427,29604102.0918,3907150.78516,9973.03585193,0.337791025345
138,139,461,6073016804,16804,20,0.0895181694165,46586429.151,6151629.83984,10553.1986449,0.429309572862
139,140,561,6073018504,18504,20,0.104729540732,68412038.3854,9100406.34766,12613.6536232,0.292346207949
140,141,284,6073010103,10103,28,0.142147600982,73016491.5354,9583007.67578,17202.6241767,0.383475012442
141,142,169,6073008324,8324,14,0.128193954645,59375994.3451,7855821.87891,16242.57519,0.235785525016
142,143,289,6073010110,10110,7,0.068176943192,23531070.6464,3086662.04688,8628.31943229,0.297479026993
143,144,631,6073019805,19805,38,0.0568855785846,15643885.2809,2080584.14062,6857.89515182,2.42906409231
144,145,393,6073014102,14102,1,0.0676964167946,12892590.745,1696751.86719,8080.6079891,0.0775639295297
145,146,97,6073004200,4200,1,0.0667717540433,26835410.7812,3532759.12891,8381.71344576,0.0372641957358
146,147,391,6073014002,14002,12,0.0630806703248,22790076.1969,2999910.11328,7823.0510281,0.526544970553
147,148,677,6073020210,20210,5,0.0421485803066,11006978.5615,1462738.11719,5132.09680038,0.454257267066
148,149,395,6073014300,14300,3,0.0618461285936,12429131.1248,1636542.39453,7168.52551904,0.241368440793
149,150,382,6073013801,13801,26,0.067790849398,24648434.6931,3246227.78906,8332.33463881,1.05483371759
150,151,235,6073009102,9102,1,0.0529225376282,10555567.226,1391923.26953,6595.80894603,0.0947367373623
151,152,183,6073008349,8349,14,0.051118279297,10331085.5307,1365813.44141,6260.60977511,1.3551334909
152,153,101,6073004600,4600,35,0.0258715047748,4164181.207,548019.890625,3204.14267192,8.4050136774
153,154,717,6073021102,21102,20,1.50718765035,6070449067.74,799282886.281,180491.493626,0.00329464917287
154,155,694,6073020601,20601,8,0.0462740141529,13940227.3155,1851228.40234,5657.57826619,0.57387873375
155,156,61,6073003107,3107,1,0.0695632146907,16923002.9149,2226674.5625,8513.59548259,0.059091167509
156,157,421,6073015601,15601,1,0.0557483746349,17470334.8612,2303157.00781,6733.20032636,0.0572398873831
157,158,240,6073009109,9109,1,0.0581417098574,9244435.71589,1218172.00391,6760.89704601,0.10817317906
158,159,34,6073002402,2402,29,0.029879900075,5402497.11229,711494.691406,3556.16661409,5.36788810753
159,160,118,6073005602,5602,137,0.123856799907,57479995.6442,7567220.20703,15039.5878634,2.38343789808
160,161,238,6073009107,9107,3,0.0434605264151,8683608.36077,1144148.74609,5103.08930832,0.345478501029
161,162,372,6073013504,13504,1,0.085358906635,23670416.4009,3115798.4375,10323.7556452,0.0422468275616
162,163,409,6073015002,15002,5,0.0514950110944,14891103.1657,1962620.39062,6040.88990974,0.335770959637
163,164,427,6073015801,15801,10,0.0401029857437,6752796.00368,890332.324219,4657.79710335,1.48086807221
164,165,384,6073013903,13903,17,0.105034247665,40547215.921,5334567.66016,12452.6534545,0.419264297532
165,166,376,6073013604,13604,2,0.0772056633137,38721904.0987,5100378.14062,9238.5500091,0.0516503525989
166,167,312,6073012003,12003,15,0.0631854606332,11800745.4637,1551786.26953,7503.90401248,1.27110613869
167,168,426,6073015706,15706,11,0.0217241642316,2924906.08218,385589.675781,2724.58748075,3.76080451506
168,169,641,6073020017,20017,4,0.11271410986,52567462.5009,6986251.22656,13901.267752,0.0760926970734
169,170,80,6073003303,3303,31,0.0318625801391,6703508.70477,881757.417969,3888.11853226,4.62444390919
170,171,467,6073016812,16812,5,0.348535202144,237054977.13,31308197.25,41432.066755,0.0210921536453
171,172,71,6073003204,3204,18,0.0796595167632,37578791.9843,4938946.96484,9311.39803878,0.478993577216
172,173,40,6073002703,2703,18,0.07876053112,21112770.5668,2780391.97656,9361.83393846,0.852564562431
173,174,291,6073010112,10112,1,0.0395545610123,8633803.60034,1132491.5625,4872.43821942,0.115823806782
174,175,24,6073001802,1802,3,0.0279196948132,4695768.31323,618649.246094,3284.7661071,0.638873087402
175,176,95,6073004101,4101,13,0.047424774674,12214267.6108,1607438.97266,5607.42785093,1.06432906288
176,177,188,6073008355,8355,2,0.0463901104588,9625518.56193,1272680.34766,5473.99706854,0.207781013265
177,178,451,6073016616,16616,7,0.0693160947949,26333159.5563,3474654.86328,8497.46299603,0.26582453902
178,179,675,6073020208,20208,1,0.0326596079144,7134511.93143,948130.214844,3972.57117369,0.140163757467
179,180,357,6073013409,13409,2,0.083225510127,29356707.5237,3856301.05078,9690.17639721,0.068127530936
180,181,53,6073002904,2904,5,0.0570525684251,19401535.0508,2556560.16797,6969.77217348,0.257711566992
181,182,323,6073012600,12600,17,0.111511712592,77471712.0735,10174177.918,13408.379152,0.219434933668
182,183,567,6073018516,18516,13,0.0709496232764,23346731.2763,3106435.64062,8401.44839947,0.556823130662
183,184,531,6073017308,17308,3,0.0610464669637,13552985.1319,1794597.00391,7527.31398037,0.221353448764
184,185,573,6073018522,18522,3,0.128476173697,76472119.104,10177674.8906,15167.4728345,0.0392299838837
185,186,22,6073001700,1700,6,0.0334342535584,6828120.41754,899477.695312,3958.36000589,0.878719125191
186,187,405,6073014806,14806,2,0.0608748724435,9769092.71203,1287276.24609,7024.78570291,0.204727302622
187,188,397,6073014500,14500,6,0.0548404163959,12624246.955,1662681.47656,6618.12762437,0.475275873594
188,189,26,6073002001,2001,8,0.0721146838297,26531942.3492,3496010.24219,8951.14808291,0.301523344756
189,190,734,6073022101,22101,1,0.164979596303,134784069.07,17906789.3672,19463.4755974,0.00741927445061
190,191,137,6073007304,7304,3,0.0329535006768,5348773.37331,704354.824219,3960.17501034,0.560876259026
191,192,220,6073008506,8506,1,0.0488330749943,13884730.1108,1832032.91406,5860.30912194,0.072021565563
192,193,128,6073006600,6600,13,0.0317554380522,5481850.54503,721925.699219,3700.67573077,2.37146195308
193,194,430,6073015902,15902,3,0.0441507525819,11915046.2859,1570499.49609,5168.15903498,0.251782488126
194,195,639,6073019905,19905,11,0.0768579553688,37829856.6938,5028650.80078,9286.75910691,0.290775619084
195,196,52,6073002903,2903,1,0.0477588399527,15149973.8222,1995348.66406,5749.33517659,0.0660067147136
196,197,690,6073020403,20403,3,0.0975912245118,31429307.9968,4172098.81641,12230.7050491,0.0954523084093
197,198,13,6073001000,1000,5,0.0414387752174,9098665.8227,1198633.75391,5113.01739319,0.549531117796
198,199,16,6073001202,1202,6,0.0237895127262,3953859.20925,520846.1875,2888.43058232,1.5175047169
199,200,449,6073016614,16614,17,0.0583825547135,23429442.2026,3092554.14453,7134.56661619,0.725582788228
200,201,571,6073018520,18520,4,0.0621368437643,14764141.2601,1966210.75,7622.89504744,0.270926695263
201,202,293,6073010202,10202,4,0.0397961017468,9575950.02811,1256392.31641,4778.44043398,0.417713123842
202,203,158,6073008201,8201,14,0.0416653352704,9021436.71523,1190713.18359,4969.15593462,1.55185924836
203,204,306,6073011602,11602,7,0.0492404463081,10976203.9563,1442665.81641,6015.39168499,0.63774325148
204,205,556,6073018201,18201,10,0.0473675145768,10438421.9077,1388517.20312,5875.05106603,0.957999215631
205,206,476,6073017020,17020,2,0.280146881427,309599077.218,41046600.8203,33351.3185658,0.00645996757475
206,207,452,6073016617,16617,1,0.0687733356914,19001673.8949,2507473.85547,8159.24775669,0.0526269425279
207,208,18,6073001302,1302,16,0.0260744896951,4733564.44078,623469.214844,3190.85758886,3.3801166542
208,209,375,6073013601,13601,3,0.0830737415206,34889601.9402,4595593.34766,10025.3978368,0.085985503794
209,210,96,6073004102,4102,28,0.0259428252074,4091074.49777,538381.054688,3062.36271226,6.84416771566
210,211,213,6073008380,8380,3,0.0857865045429,26231171.1248,3469243.44141,10678.1067002,0.114367749184
211,212,439,6073016404,16404,11,0.0379310729544,6856370.57829,904166.679688,4378.24853412,1.60434735468
212,213,62,6073003108,3108,9,0.0497587429077,11667960.7308,1535273.82422,6186.91156024,0.771343014229
213,214,659,6073020039,20039,1,0.0514751543677,6514108.69012,865969.070312,6293.49035366,0.153512943608
214,215,106,6073005101,5101,171,0.0188090328222,2439322.50955,320977.375,2314.50584296,70.101431578
215,216,331,6073013203,13203,8,0.0438232946572,12012613.5691,1577036.50781,5234.77109915,0.665966648638
216,217,541,6073017605,17605,3,0.0861042017814,31663755.1539,4199563.41406,10592.8422499,0.0947455532491
217,218,194,6073008361,8361,4,0.0370645718315,6077405.93048,802574.496094,4550.94350622,0.658175551503
218,219,318,6073012304,12304,5,0.0476246107326,13265479.5311,1742977.50781,5616.12002134,0.376918149719
219,220,726,6073021401,21401,2,0.0839225527089,28958063.0077,3812524.22656,10263.8473961,0.0690653929259
220,221,15,6073001201,1201,11,0.0225676802644,3428185.94711,451597.058594,2747.60568436,3.20869409353
221,222,581,6073018613,18613,10,0.0692114993747,18113444.398,2412181.76172,8390.99315833,0.552076114309
222,223,410,6073015100,15100,5,0.0799054628929,22929709.7934,3022598.0625,9557.02916598,0.218057709629
223,224,246,6073009306,9306,4,0.0710441236335,30635409.5737,4039431.46094,8848.10939715,0.1305678643
224,225,310,6073011902,11902,7,0.0763345159744,18345242.8568,2412833.77344,8991.12029239,0.381570309788
225,226,538,6073017502,17502,6,0.0574687189921,20538802.8372,2723050.54297,6928.03803828,0.292129976979
226,227,180,6073008346,8346,1,0.220462758753,126387507.992,16707394.3438,26106.230078,0.00791217435875
227,228,388,6073013908,13908,33,0.0459905621999,12151954.1256,1599093.72656,5492.37440465,2.71561262155
228,229,408,6073015001,15001,5,0.064441007691,18482212.0396,2436275.71484,7784.59393768,0.270530388315
229,230,687,6073020312,20312,31,0.208489131218,156320665.49,20743279.2109,25220.8019924,0.198310312349
230,231,275,6073010010,10010,3,0.0466922378023,12593286.653,1652209.21094,5566.45307958,0.238222164131
231,232,140,6073007501,7501,3,0.0481885626425,11194612.872,1474469.07812,5665.29753042,0.267986042421
232,233,241,6073009201,9201,3,0.0602044731517,18339319.7159,2418224.71875,7555.05749923,0.163582948903
233,234,683,6073020308,20308,15,0.0479103152192,13044179.7379,1733142.51562,5955.31455687,1.14993815643
234,235,103,6073004800,4800,11,0.029731527955,6064352.86983,797967.554688,3574.20305479,1.81387861757
235,236,276,6073010011,10011,3,0.0394468332792,9527099.82018,1249965.00781,4777.23281659,0.314891211032
236,237,218,6073008504,8504,5,0.0751226703079,32481105.5029,4285012.65234,9123.32727989,0.153935647281
237,238,45,6073002710,2710,4,0.0463519189537,7380989.32704,971993.894531,5642.0410532,0.541932771173
238,239,623,6073019502,19502,8,0.0350510184108,8295255.51597,1103929.37109,4299.27282836,0.964406700264
239,240,85,6073003404,3404,8,0.0527761492994,17983303.7397,2366597.87891,6286.69750359,0.444857080534
240,241,249,6073009400,9400,2,0.413369015178,671753398.764,88708589.3906,48486.6496655,0.00297728303821
241,242,28,6073002100,2100,1,0.0511332065645,9594110.38568,1263857.97266,6126.92747292,0.104230612303
242,243,334,6073013206,13206,33,0.0608898436285,17105525.798,2245258.41406,7466.18877163,1.92920114761
243,244,7,6073000500,500,4,0.0529623398361,11637346.3372,1533081.20312,6324.37389116,0.343720972471
244,245,396,6073014400,14400,85,0.109026416996,18296048.1432,2409361.32031,12716.5879057,4.64581199911
245,246,565,6073018512,18512,20,0.0649309175632,24906661.8511,3315431.20703,8023.40195058,0.802998013928
246,247,151,6073007911,7911,10,0.0285306452159,3867826.18192,510027.390625,3385.43981021,2.5854315912
247,248,298,6073010502,10502,3,0.0493732386679,11401077.7493,1496052.21484,5798.05575831,0.263133018296
248,249,113,6073005401,5401,32,0.0210790832341,2819928.26919,371058.332031,2563.68761317,11.3478063785
249,250,9,6073000700,700,27,0.0350520508577,8396386.53146,1105730.72266,4206.79032426,3.21566901414
250,251,637,6073019903,19903,4,0.125839037139,85855598.7127,11417951.2344,15159.2360294,0.0465898562234
251,252,32,6073002302,2302,38,0.0293146816954,5692266.67687,749753.5,3519.70338536,6.67572377703
252,253,141,6073007502,7502,23,0.0518027627089,7598409.08285,1000699.80469,6230.01629348,3.02694942444
253,254,373,6073013505,13505,1,0.0698215230052,29331747.7136,3862085.55859,8443.33695671,0.0340927519821
254,255,35,6073002501,2501,14,0.0529424808141,13533531.7287,1782057.75,6371.37557106,1.03446759358
255,256,406,6073014901,14901,4,0.0517111920847,18475103.7087,2433958.54297,6258.76880567,0.216507580313
256,257,678,6073020211,20211,20,0.0542213667294,17131590.3058,2276025.31641,6690.39869585,1.1674339418
257,258,125,6073006200,6200,7,0.143817381515,39065168.1977,5143037.80859,16748.9928499,0.179187760426
258,259,244,6073009301,9301,2,0.0603803343361,17003490.6629,2242086.67578,7562.88701309,0.117622906946
259,260,108,6073005103,5103,91,0.0986720229014,31129667.792,4095223.79688,11637.2357904,2.92325638063
260,261,4,6073000301,301,5,0.0331965118079,4324873.19652,569555.589844,4067.99413379,1.15610325963
261,262,328,6073013102,13102,26,0.0562253835369,21388941.428,2808602.36328,6725.70438436,1.21558142966
262,263,68,6073003115,3115,7,0.0651977825494,16500577.2341,2170569.43359,7655.0727219,0.424227583114
263,264,532,6073017403,17403,27,0.0946453151704,45666641.6807,6053694.51953,11493.9379325,0.591241199403
264,265,441,6073016503,16503,3,0.0340341397555,7276836.91833,959972.035156,4022.20032239,0.41226703768
265,266,114,6073005402,5402,38,0.0618410778579,8349259.28688,1098787.51562,7400.53560556,4.5513019412
266,267,540,6073017603,17603,14,0.0565618577372,17844345.8404,2366644.58203,6982.899518,0.784562243145
267,268,112,6073005302,5302,31,0.0276700454319,5093653.67859,670349.046875,3433.43428742,6.08600465522
268,269,576,6073018525,18525,1,0.0619293951878,24570598.7415,3271932.41797,7617.001584,0.0406990489129
269,270,87,6073003502,3502,2,0.0386246170319,8397404.29011,1104712.3125,4509.81386248,0.238168835381
270,271,121,6073005802,5802,21,0.0379876836484,5143424.46708,677027.316406,4591.85539828,4.08288293809
271,272,278,6073010013,10013,11,0.0455611680773,9651006.44082,1265538.53906,5490.72031047,1.13977750066
272,273,326,6073012900,12900,7,0.0508493386742,14773427.075,1940384.14453,6161.6762745,0.473823708234
273,274,100,6073004501,4501,1,0.0246780871527,3528383.56534,464372.585938,2899.49178161,0.283415898947
274,275,10,6073000800,800,4,0.031726256429,6823089.54743,898541.648438,3844.10318064,0.586244687571
275,276,185,6073008351,8351,5,0.0441937721376,11405853.663,1507577.54297,5297.48280042,0.438371396629
276,277,297,6073010501,10501,3,0.0378259100949,4698723.48152,616561.292969,4347.90255712,0.638471280934
277,278,526,6073017202,17202,1,0.084625626316,33021854.6879,4370648.55078,10732.6442858,0.030282975001
278,279,8,6073000600,600,85,0.0487053338508,9984630.70905,1315131.40234,5893.91687258,8.5130840065
279,280,537,6073017501,17501,45,0.0590496743845,17688030.6866,2345068.36328,7233.60098731,2.54409327965
280,281,130,6073006802,6802,43,0.0632950945374,11048184.9172,1455126.78906,7515.39501119,3.89204202521
281,282,31,6073002301,2301,7,0.0321579135614,4556660.23642,600242.921875,3719.25588472,1.53621284818
282,283,543,6073017701,17701,5,0.0723579021731,26345825.2983,3495718.60156,9059.48127868,0.189783388578
283,284,38,6073002602,2602,6,0.0352051324523,8259369.92555,1087465.60156,4352.80699341,0.726447665389
284,285,193,6073008360,8360,3,0.0788076722617,29986845.4781,3962881.04688,9235.23501259,0.100043867642
285,286,287,6073010107,10107,13,0.0596538771558,25042720.0509,3285943.91406,7211.62739067,0.519112938753
286,287,145,6073007702,7702,1,0.0418775362156,6656395.16394,877483.617188,5272.55743959,0.150231465436
287,288,184,6073008350,8350,3,0.186966154972,167348630.625,22111560.1758,21958.8282006,0.0179266480329
288,289,110,6073005202,5202,90,0.0222973608814,2518221.13475,331409.539062,2834.48811126,35.7395141984
289,290,613,6073019210,19210,1,0.0688169517141,22619930.4134,3011209.34375,8506.95408628,0.0442088008992
290,291,36,6073002502,2502,8,0.0663813929815,20379353.1742,2682775.52344,8224.87171288,0.392554166544
291,292,340,6073013308,13308,11,0.0663554334596,17320715.7836,2273122.96484,7625.45864025,0.635077680243
292,293,539,6073017601,17601,2,0.125256829467,93921783.5353,12462309.3008,14960.6429493,0.0212943145319
293,294,283,6073010019,10019,6,0.104914031153,32737894.7344,4295916.54688,12507.1870738,0.183273849729
294,295,82,6073003305,3305,4,0.0493908270631,13941597.8636,1834042.44922,6132.39692427,0.286911158903
295,296,695,6073020602,20602,1,0.0553825786367,21416538.4026,2844364.91016,6712.8793902,0.0466928866468
296,297,705,6073020806,20806,5,0.145944878046,74745526.3379,9908976.26953,18021.6598654,0.0668936355789
297,298,682,6073020305,20305,37,0.107184962763,37399500.8061,4970655.71484,12975.6674528,0.989318017688
298,299,418,6073015408,15408,1,0.0759246785347,29875731.2239,3937429.41406,9179.26999263,0.0334719840832
299,300,438,6073016403,16403,15,0.123128737236,57821077.4763,7625669.80078,14626.238852,0.259420969908
300,301,136,6073007303,7303,2,0.0250833881334,3889937.7514,512192.976562,3046.53900383,0.51414704497
301,302,345,6073013317,13317,4,0.199742770071,185820355.241,24392678.4258,23710.2851397,0.0215261670058
302,303,674,6073020207,20207,3,0.0373162224855,8911554.2625,1183947.33594,4583.10070238,0.336641612858
303,304,668,6073020108,20108,8,0.0419338992366,10154677.3488,1349215.09766,5011.66030317,0.787814297314
304,305,545,6073017801,17801,26,0.088339303866,48022910.3366,6385394.54297,10671.4279102,0.541408253223
305,306,264,6073009706,9706,8,0.130893350242,69025271.9967,9099315.69922,15648.4290243,0.11589957951
306,307,55,6073003001,3001,2,0.0665133963997,25604765.9976,3369848.23047,8028.36695225,0.0781104580369
307,308,78,6073003214,3214,3,0.0573487482347,13370970.7482,1758842.98828,6988.02845492,0.22436665643
308,309,698,6073020707,20707,10,0.0513849330996,12693889.6558,1685400.21484,6238.33504459,0.787780599261
309,310,680,6073020214,20214,52,0.0521359428406,18851352.9992,2504136.12109,6398.00645304,2.75842269795
310,311,329,6073013103,13103,95,0.0757104235198,27186585.8027,3569280.62109,8931.63531988,3.49437037403
311,312,123,6073006000,6000,11,0.0408462713046,10861179.8911,1430040.92969,4976.81473629,1.01278131016
312,313,640,6073020015,20015,1,0.126536995237,31752804.7834,4214507.15625,15130.6497962,0.0314932808872
313,314,431,6073016000,16000,7,0.0868883086466,20073800.9495,2646165.60547,10345.4718653,0.34871323162
314,315,30,6073002202,2202,20,0.0280406381724,5240818.70934,690289.078125,3352.86043322,3.81619764186
315,316,442,6073016504,16504,10,0.0450561552495,14071410.6161,1855959.52344,5491.32158362,0.71066080529
316,317,111,6073005301,5301,67,0.0259233279886,4285622.65417,564008.59375,3238.50662906,15.633667592
317,318,117,6073005601,5601,84,0.0210050757447,2496863.77295,328642.023438,2484.79885888,33.6422038359
318,319,699,6073020708,20708,4,0.0909787539873,48817665.3587,6478717.90625,11600.7733983,0.081937552126
319,320,33,6073002401,2401,18,0.0344594638162,7043996.84651,927681.253906,4041.0628618,2.55536741316
320,321,399,6073014602,14602,3,0.0766618701462,29393237.061,3871582.75781,9120.81349323,0.102064294374
321,322,98,6073004300,4300,3,0.040151516363,10960768.0348,1443130.75391,4950.6529976,0.273703447648
322,323,704,6073020805,20805,3,0.132885409972,77824691.5118,10315860.3359,16066.6968306,0.0385481772137
323,324,19,6073001400,1400,21,0.0344013396222,8033458.64723,1057935.76562,4146.2822422,2.61406710636
324,325,23,6073001801,1801,1,0.0255673276702,3379305.94343,445202.765625,3040.48646564,0.295918752768
325,326,434,6073016202,16202,60,0.113790205247,71995010.5768,9496167.02734,14181.6541244,0.833391085289
326,327,629,6073019803,19803,20,0.0915441974768,40885369.101,5437000.53516,10865.9204417,0.489172543621
327,328,48,6073002801,2801,5,0.0807962183149,30852058.5944,4065768.82812,9332.19741771,0.162063739919
328,329,39,6073002702,2702,9,0.0474350823517,14634409.9632,1927635.4375,5726.09687188,0.614988921496
329,330,338,6073013306,13306,3,0.0534212283898,13941375.3475,1830122.64844,6677.33397459,0.215186803685
330,331,636,6073019902,19902,17,0.0785074600779,27994749.3112,3722609.91797,9632.62382488,0.607256732719
331,332,402,6073014803,14803,2,0.0658238063187,20066100.0188,2644568.41016,7911.5647148,0.099670588611
332,333,469,6073016901,16901,15,0.341200921516,465831201.288,61567482.9727,41755.597747,0.0322005051584
333,334,102,6073004700,4700,23,0.0231262379757,3751197.47432,493594.222656,2838.73634667,6.13137542277
334,335,735,6073022102,22102,15,0.120034323365,66061980.9262,8772778.88672,14543.6627711,0.227059494579
335,336,17,6073001301,1301,24,0.0235803777602,3790726.33298,499285.804688,2913.10702872,6.3312404779
336,337,44,6073002709,2709,4,0.0379535348147,6682547.37694,880017.75,4738.35643845,0.598574132643
337,338,234,6073009101,9101,7,0.0698092843808,29926175.678,3945961.36328,8498.50715131,0.233908938961
338,339,154,6073008003,8003,7,0.037592374646,8202643.25485,1081681.79688,4426.63871353,0.853383450007
339,340,239,6073009108,9108,5,0.0602833371981,16732129.956,2204768.24609,7400.51319311,0.298826270962
340,341,47,6073002712,2712,24,0.0843937817235,23621850.8792,3109737.85547,10088.7908416,1.01600844586
341,342,401,6073014702,14702,1,0.070190933482,15228668.826,2006166.92578,8407.35688602,0.0656656212979
342,343,227,6073008600,8600,8,0.0690380103843,29158272.7437,3843896.68359,8351.66646464,0.274364674146
343,344,54,6073002905,2905,19,0.0573704593031,12338257.6554,1625809.48438,6843.25779798,1.5399256954
344,345,49,6073002803,2803,3,0.0518459314403,11935096.3632,1572425.42969,6312.82221389,0.251359512207
345,346,535,6073017407,17407,5,0.0694544438812,20164082.5121,2672489.37109,8573.19166224,0.247965658591
346,347,236,6073009103,9103,7,0.0699893394424,19454464.9617,2564476.33203,8392.24588734,0.359814572839
347,348,138,6073007401,7401,16,0.0331080599061,6379708.1183,840200.976562,4104.5665728,2.50795172809
348,349,688,6073020313,20313,155,0.1435153034,83089399.7715,11034990.3047,17362.003175,1.86546058133
349,350,144,6073007701,7701,2,0.0441724498382,6120716.41964,806839.738281,5445.70142825,0.326759134532
350,351,550,6073017813,17813,6,0.156832027942,54231253.7707,7201808.375,19705.0773084,0.110637309352
351,352,672,6073020202,20202,5,0.0470697353308,12161068.5799,1615587.36328,5739.45289083,0.411148080216
352,353,649,6073020029,20029,8,0.124265377161,58756079.4602,7807078.10156,14766.031533,0.136156123307
353,354,157,6073008102,8102,2,0.0625502713897,14717447.6618,1941421.10547,7521.29794993,0.135893128072
354,355,551,6073017901,17901,16,0.057564615982,17417073.3434,2315588.56641,7141.28297102,0.918638836993
355,356,83,6073003401,3401,15,0.0786562220157,30193625.6006,3974464.76953,9420.09081777,0.496793601352
356,357,122,6073005900,5900,15,0.0280787846863,4512697.00199,594075.789062,3276.44771953,3.32395460927
357,358,232,6073008902,8902,43,0.113787442833,34399380.2188,4531942.73828,13292.1927518,1.25002252152
358,359,425,6073015705,15705,2,0.0254612602494,4446719.61105,586210.210938,3140.83011709,0.449769757245
359,360,596,6073018904,18904,5,0.0848057694193,31296927.7827,4181443.87891,9940.86436475,0.159760090023
360,361,700,6073020710,20710,2,0.339746159869,275551949.201,36559633.0234,40145.3516328,0.00725815950785
361,362,94,6073004000,4000,14,0.0412821598958,9215597.07963,1212627.57422,4855.85476632,1.51916363954
362,363,311,6073012002,12002,14,0.039166189771,6115131.68565,804165.132812,4586.13678304,2.28940286484
363,364,223,6073008510,8510,3,0.0632826207774,21473286.4904,2831914.03516,7683.23786581,0.139708469933
364,365,560,6073018400,18400,22,0.0512289567295,14143058.2747,1881776.25391,6164.39039993,1.55553343362
365,366,84,6073003403,3403,6,0.0580859396308,14895795.3089,1960268.14844,6865.96037374,0.402798231016
366,367,270,6073010001,10001,1,0.0901146264721,22644786.2647,2971507.26172,10430.3056292,0.0441602754961
367,368,575,6073018524,18524,7,0.0645501996455,19614486.8354,2611697.59375,8025.98844802,0.356879079159
368,369,277,6073010012,10012,1,0.0331840755349,6777409.87133,888827.832031,4094.6657261,0.147548992755
369,370,588,6073018621,18621,9,0.0412213919151,6469142.62407,861269.894531,4932.77329427,1.39121990703
370,371,330,6073013104,13104,10,0.0392152608863,10526580.7377,1382145.33594,4798.34879131,0.949976089024
371,372,147,6073007905,7905,16,0.0328008025397,6195772.64203,816942.636719,3859.89725527,2.58240592811
372,373,582,6073018615,18615,12,0.0501876063292,12964599.0539,1725245.28906,6010.48157694,0.925597463532
373,374,37,6073002601,2601,6,0.0359251832875,8988857.37191,1183757.91406,4391.25892944,0.66749306967
374,375,566,6073018515,18515,7,0.0844465690951,44320222.5413,5896003.17578,10314.6096824,0.157941445205
375,376,365,6073013420,13420,17,0.0683866845435,20811047.538,2734158.46484,7820.87241538,0.816873824778
376,377,288,6073010109,10109,3,0.175188760287,139278528.083,18260898.957,20555.2583901,0.021539572835
377,378,258,6073009602,9602,1,0.0650391424426,20811137.1077,2743988.5625,7715.54639677,0.0480511946476
378,379,332,6073013204,13204,24,0.0363668838477,8636370.80502,1133580.25391,4346.50410845,2.77894506174
379,380,527,6073017303,17303,4,0.0845305699076,32481961.2077,4302518.18359,10382.134973,0.1231452736
380,381,618,6073019403,19403,5,0.0813108479615,34744715.0941,4624126.12109,9632.56917824,0.14390677795
381,382,305,6073011601,11601,1,0.0366295466873,7897955.98486,1038251.29297,4323.69932467,0.126615038361
382,383,314,6073012102,12102,9,0.0571023793681,12129197.1766,1594627.45703,6825.56883481,0.742011187464
383,384,339,6073013307,13307,2,0.0493874839465,14082447.2545,1848434.85938,5869.3495621,0.142020769818
384,385,407,6073014902,14902,6,0.0585752657785,16695694.1228,2199967.84375,6969.92150498,0.35937409705
385,386,190,6073008357,8357,9,0.0523759188003,9837831.10109,1300597.34766,6166.74893783,0.914835791296
386,387,534,6073017406,17406,2,0.086848704587,40136265.2789,5318966.98047,10792.0147916,0.0498302466884
387,388,309,6073011802,11802,20,0.0427644849812,10254681.355,1348603.08203,5175.85295882,1.9503287628
388,389,333,6073013205,13205,75,0.0557873323185,19180587.756,2517500.92188,6794.88966264,3.91020342828
389,390,638,6073019904,19904,2,0.102117308695,45100541.9831,5997080.78516,12199.6242401,0.0443453650901
390,391,156,6073008101,8101,1,0.0450041250678,12559249.9692,1657256.1875,5522.33948042,0.0796225891237
391,392,633,6073019809,19809,2,0.0962467752044,31368143.3529,4171397.1875,11684.5331444,0.0637589537098
392,393,327,6073013000,13000,7,0.0550758882744,17517469.2414,2300660.80469,6714.14259281,0.399601101251
393,394,609,6073019205,19205,7,0.0638817101728,20941235.5975,2787887.25391,7622.84114198,0.334268719122
394,395,350,6073013322,13322,2,0.0579012271585,16248528.0849,2134207.22656,6995.6089971,0.12308807232
395,396,478,6073017022,17022,1,0.0979073268669,48186920.0071,6368861.13672,11759.5250324,0.0207525195603
396,397,450,6073016615,16615,22,0.0626989726648,25908398.8304,3419759.24609,7671.73475753,0.84914548923
397,398,696,6073020705,20705,3,0.0901792965039,36283961.4068,4818635.13672,11326.1684362,0.0826811594899
398,399,43,6073002708,2708,6,0.03220932305,6887080.58118,907140.660156,3933.00884875,0.871196427757
399,400,6,6073000400,400,50,0.0475103127604,12419770.111,1635888.13281,5744.69764711,4.02583941193
400,401,221,6073008507,8507,3,0.0627050548656,24080606.2194,3177051.00781,7517.81885243,0.124581581239
401,402,686,6073020311,20311,4,0.214972488079,160148776.235,21262891.6953,26366.590599,0.0249767753088
402,403,390,6073014001,14001,9,0.0652477239863,20034745.182,2637934.87109,7899.37720529,0.449219589181
403,404,621,6073019406,19406,2,0.0624772489307,21432358.0672,2851669.125,7454.32043917,0.0933168433324
404,405,628,6073019702,19702,20,0.0968137676217,43432645.2739,5777267.16406,11698.06548,0.460483119872
405,406,429,6073015901,15901,10,0.0276379319285,4181442.43074,551228.136719,3340.3586122,2.39151923424
406,407,644,6073020023,20023,7,0.0966884142088,36551936.3034,4857508.03516,11507.8622937,0.191508322347
407,408,554,6073018101,18101,1,0.0455605380236,13477159.6699,1792458.80859,5618.53710668,0.0741996106371
408,409,217,6073008503,8503,61,0.0876832491558,39602082.6508,5223843.11328,10594.4535744,1.54032303144
409,410,46,6073002711,2711,1,0.0590076417396,15634538.7652,2058662.90625,6947.6878907,0.0639609530552
410,411,436,6073016302,16302,25,0.0455025477427,12818328.9236,1690320.67578,5382.51236915,1.95033222731
411,412,109,6073005201,5201,67,0.027845842352,5442035.88607,716194.722656,3427.71889585,12.3115689427
412,413,627,6073019701,19701,8,0.075600971612,32522701.5985,4326054.82031,8999.45010529,0.245982025072
413,414,577,6073018601,18601,4,0.126384335399,47323583.9293,6300008.85938,15248.1048331,0.0845244520359
414,415,292,6073010201,10201,7,0.170159544797,73184926.2304,9598001.88672,21029.6319652,0.0956481117158
415,416,423,6073015701,15701,40,0.0480802435875,10347692.5293,1364331.87891,5536.85729565,3.86559611109
416,417,563,6073018510,18510,5,0.0843970861118,21499726.4472,2861547.21094,10249.8342245,0.2325610985
417,418,316,6073012302,12302,12,0.0275532439621,4386707.79234,576336.203125,3359.46541639,2.73553666395
418,419,248,6073009308,9308,35,0.0544852154297,9999563.41802,1317679.55469,6384.49140397,3.50015281036
419,420,343,6073013315,13315,0,0.0447445343477,13618727.7458,1789426.33203,5338.11208077,0.0
420,421,176,6073008339,8339,0,0.205315490211,127636886.25,16868698.9062,25264.3276524,0.0
421,422,634,6073019810,19810,0,0.184881137986,108384412.534,14407775.4609,22666.4341628,0.0
422,423,468,6073016813,16813,0,0.161649518529,98583937.3913,13016571.0234,19201.8283538,0.0
423,424,483,6073017036,17036,0,0.0449282548181,10664409.7913,1411257.85938,5361.8748605,0.0
424,425,506,6073017061,17061,0,0.336345596728,193739296.813,25657904.3711,39801.8050107,0.0
425,426,549,6073017811,17811,0,0.0760760689799,35777304.9736,4751148.26953,9188.30858657,0.0
426,427,614,6073019301,19301,0,0.0953954899591,37886756.7749,5044494.67188,11623.8626266,0.0
427,428,89,6073003602,3602,0,0.0328335767287,7076416.89967,930812.3125,3926.74492106,0.0
428,429,359,6073013412,13412,0,0.114732213748,50547269.0767,6642391.69922,13477.1697157,0.0
429,430,473,6073017010,17010,0,0.189952261058,164265366.027,21737890.7617,22621.5938228,0.0
430,431,203,6073008370,8370,0,0.0408663906866,10854213.6109,1435758.19922,5013.77749598,0.0
431,432,495,6073017050,17050,0,0.150976225218,53531469.0155,7084995.5625,19025.4866237,0.0
432,433,69,6073003201,3201,0,0.0645724169353,17416042.7344,2290375.50781,7593.63991863,0.0
433,434,728,6073021501,21501,0,0.060384492134,19859311.7404,2627687.03906,7311.98447535,0.0
434,435,212,6073008379,8379,0,0.0201467236261,2722015.74377,359476.222656,2461.833127,0.0
435,436,349,6073013321,13321,0,0.0573344650216,20897733.4898,2744515.51953,7007.41620352,0.0
436,437,255,6073009509,9509,0,0.125835005476,54901684.8233,7240026.15625,15224.107275,0.0
437,438,187,6073008353,8353,0,0.0659283983463,21040250.7283,2782625.91797,7978.23092229,0.0
438,439,590,6073018700,18700,0,1.11622156818,5918698250.51,790427281.906,135815.787523,0.0
439,440,189,6073008356,8356,0,0.0320175854165,6520741.36999,862152.019531,3903.07133063,0.0
440,441,377,6073013605,13605,0,0.141209532669,62504441.8658,8233931.87109,17007.5782717,0.0
441,442,415,6073015405,15405,0,0.0902971316998,50585856.3776,6666302.05078,11097.8779574,0.0
442,443,2,6073000201,201,0,0.0377551182056,8737863.76602,1150934.45703,4569.4844707,0.0
443,444,603,6073019107,19107,0,0.461961270925,1098252979.97,146167316.316,56053.299912,0.0
444,445,455,6073016620,16620,0,0.0471803944791,9939779.17908,1312275.0625,5714.83789827,0.0
445,446,654,6073020034,20034,0,0.0488971145561,15100174.6274,2003311.33984,5702.9198517,0.0
446,447,599,6073019001,19001,0,1.03228496865,1779488444.11,238093818.0,121926.307961,0.0
447,448,650,6073020030,20030,0,0.105215013007,63882042.6552,8483538.35156,12775.8306545,0.0
448,449,658,6073020038,20038,0,0.174659990854,80137164.6326,10654702.9336,21360.9796023,0.0
449,450,632,6073019808,19808,0,0.0622361478362,23236237.7494,3089080.39062,7585.03220162,0.0
450,451,616,6073019304,19304,0,0.0581049532526,13026324.6285,1733869.86719,7150.58778678,0.0
451,452,707,6073020810,20810,0,0.44163234655,419356390.098,55589223.1719,52440.2126724,0.0
452,453,719,6073021204,21204,0,0.524554041923,505490658.1,66669077.3633,62646.9043729,0.0
453,454,595,6073018903,18903,0,0.12296325847,75528293.5863,10094642.1562,15124.365588,0.0
454,455,211,6073008378,8378,0,0.0192422268642,2388954.57986,315529.21875,2373.07248128,0.0
455,456,491,6073017046,17046,0,0.087691050245,40642435.1979,5373286.65625,10238.3545516,0.0
456,457,412,6073015301,15301,0,0.0318577350122,7034117.91263,927153.984375,3853.22670099,0.0
457,458,295,6073010401,10401,0,0.0252713405075,4371243.69019,573510.085938,3052.2152037,0.0
458,459,457,6073016703,16703,0,0.053103603324,16708672.0412,2205517.71875,6373.5957646,0.0
459,460,723,6073021304,21304,0,0.44285859671,866216663.435,113917356.418,52864.3550463,0.0
460,461,348,6073013320,13320,0,0.159682558745,86055249.1639,11301062.1055,19788.3731346,0.0
461,462,170,6073008327,8327,0,0.110744018805,68069097.9002,9009288.17969,13509.9860453,0.0
462,463,126,6073006300,6300,0,0.0664246425799,17115921.6087,2253798.82422,7779.33220434,0.0
463,464,497,6073017052,17052,0,0.0675531659129,23655953.2332,3133392.63672,8361.96616694,0.0
464,465,701,6073020711,20711,0,0.511172437533,1092578250.27,145141607.547,62236.2160583,0.0
465,466,75,6073003211,3211,0,0.0483706071475,9232920.68091,1214051.42969,5830.94246627,0.0
466,467,422,6073015602,15602,0,0.100578639973,46150700.6854,6084496.21484,11943.7862109,0.0
467,468,715,6073021002,21002,0,1.7682350972,12100013284.4,1614070451.67,211118.26254,0.0
468,469,417,6073015407,15407,0,0.0412398747636,8898588.90091,1172904.46875,4916.07992751,0.0
469,470,91,6073003800,3800,0,0.0941530654246,33377780.2397,4389584.99609,11009.054951,0.0
470,471,460,6073016706,16706,0,0.0768225748106,19856856.7514,2620665.53906,9680.72679509,0.0
471,472,261,6073009703,9703,0,0.0686686481912,17821030.5719,2349576.39844,8217.23954035,0.0
472,473,177,6073008343,8343,0,0.0346027653909,8246045.44078,1088832.63281,4175.79961523,0.0
473,474,303,6073011100,11100,0,0.0385915377768,9796317.522,1288709.73047,4645.80993962,0.0
474,475,652,6073020032,20032,0,0.138582465134,44919882.9803,5963102.69141,16746.7939066,0.0
475,476,664,6073020044,20044,0,0.214534648254,92742556.8952,12315930.9922,25951.6747219,0.0
476,477,510,6073017065,17065,0,0.0907153604631,50336433.4631,6669187.23047,10880.5220254,0.0
477,478,77,6073003213,3213,0,0.043038004094,12885310.2522,1694729.12109,5215.98901354,0.0
478,479,711,6073020902,20902,0,1.47924518835,4636915653.59,613179511.469,179331.927972,0.0
479,480,730,6073021600,21600,0,0.182890037063,159047618.233,20907269.6445,22352.9806152,0.0
480,481,281,6073010017,10017,0,0.0739113191971,31080312.5804,4077328.18359,8800.29135157,0.0
481,482,470,6073016902,16902,0,0.610290391758,1342458610.98,177516258.363,74401.3696552,0.0
482,483,419,6073015501,15501,0,0.328444396153,354554204.25,46768846.3438,39638.1544041,0.0
483,484,355,6073013327,13327,0,0.0587816535257,17181627.1606,2256315.21094,6899.12700679,0.0
484,485,729,6073021502,21502,0,0.159017523112,115172859.994,15238081.8594,19260.9048294,0.0
485,486,256,6073009510,9510,0,0.062081150351,17759651.2444,2342619.57031,7546.09168614,0.0
486,487,663,6073020043,20043,0,0.15177707173,38701525.1876,5138258.53125,18231.2545109,0.0
487,488,392,6073014101,14101,0,0.0648441724108,14459342.7006,1903289.38672,8024.93741166,0.0
488,489,591,6073018801,18801,0,0.243658965507,135598838.715,18102342.4414,29799.4862068,0.0
489,490,99,6073004400,4400,0,0.0386462780765,10104999.0639,1330125.68359,4749.04019394,0.0
490,491,724,6073021305,21305,0,0.382011710003,421088081.889,55458002.6758,45122.6996644,0.0
491,492,263,6073009705,9705,0,0.064883475239,25992259.4014,3426070.67578,7656.71585483,0.0
492,493,655,6073020035,20035,0,0.0833996072682,36590571.1749,4855441.90234,9948.69043029,0.0
493,494,584,6073018617,18617,0,0.0617933599704,18351239.6425,2445257.26172,7735.42693661,0.0
494,495,181,6073008347,8347,0,0.0986432879214,24400539.008,3226347.97266,11808.5950362,0.0
495,496,544,6073017702,17702,0,0.0504268918127,12421908.909,1647447.19531,6296.11140181,0.0
496,497,358,6073013411,13411,0,0.0958196098296,51373960.5747,6752599.48828,11358.2009024,0.0
497,498,65,6073003112,3112,0,0.051662415366,16257500.9875,2139091.80469,6098.77617666,0.0
498,499,3,6073000202,202,0,0.0549793433988,14057809.3317,1851317.00391,6622.40292271,0.0
499,500,353,6073013325,13325,0,0.0534819811337,10967958.025,1440445.92188,6439.34926243,0.0
500,501,508,6073017063,17063,0,0.0916561113412,18781456.3905,2489885.90234,11363.812378,0.0
501,502,482,6073017035,17035,0,0.0711332640065,25140500.8352,3328067.00391,8893.47577367,0.0
502,503,178,6073008344,8344,0,0.0623232203046,21941288.841,2896905.92188,7292.79058524,0.0
503,504,458,6073016704,16704,0,0.0988204585044,50401882.0165,6650568.44531,11947.4320984,0.0
504,505,697,6073020706,20706,0,0.169828359296,179590286.158,23841317.5352,20944.0797372,0.0
505,506,578,6073018608,18608,0,0.145705530684,43954564.7566,5855674.08984,17713.1359506,0.0
506,507,447,6073016610,16610,0,0.0527908175246,14475882.7482,1911254.23047,6212.8059526,0.0
507,508,182,6073008348,8348,0,0.0650067941204,21508592.7731,2843401.73828,7750.05637944,0.0
508,509,602,6073019105,19105,0,0.352212090386,489581895.597,65187160.4219,42101.3261672,0.0
509,510,651,6073020031,20031,0,0.0954690643446,48142625.8442,6394095.90234,11569.5081311,0.0
510,511,500,6073017055,17055,0,0.0643736472885,22179457.9341,2936390.19531,7912.06880234,0.0
511,512,398,6073014601,14601,0,0.0715616691118,15656170.0592,2062522.80078,8615.71600394,0.0
512,513,521,6073017109,17109,0,0.130415547471,47525155.0956,6305425.26172,16036.3631759,0.0
513,514,471,6073017006,17006,0,0.0719048633918,27694430.373,3669243.32812,8595.64950931,0.0
514,515,564,6073018511,18511,0,0.0676113534231,18182546.0765,2419542.07422,8162.66511808,0.0
515,516,252,6073009505,9505,0,0.19881280616,188761912.422,24910330.5156,23372.9303055,0.0
516,517,66,6073003113,3113,0,0.0638371513599,17087155.1131,2247761.49609,7514.12560988,0.0
517,518,608,6073019203,19203,0,0.0850280184083,40973474.799,5456446.50391,10293.6392525,0.0
518,519,725,6073021306,21306,0,0.305241738028,407629161.476,53625591.3398,36747.2139043,0.0
519,520,90,6073003603,3603,0,0.0340378846673,7294771.43317,959397.792969,4031.6528742,0.0
520,521,486,6073017040,17040,0,0.0811175940232,31777131.0619,4205929.98438,10241.6148589,0.0
521,522,656,6073020036,20036,0,0.0393893915482,8583401.57498,1140959.01562,4869.06127726,0.0
522,523,378,6073013607,13607,0,0.0721915329648,27298859.6945,3595112.4375,8418.74748407,0.0
523,524,352,6073013324,13324,0,0.0255256845156,4357250.47794,572317.054688,3074.46936329,0.0
524,525,70,6073003202,3202,0,0.0537234006888,13945530.3192,1833491.99609,6598.85725866,0.0
525,526,594,6073018805,18805,0,0.181513611003,187933830.063,25087901.9531,22439.061287,0.0
526,527,517,6073017104,17104,0,0.0615004932803,23626540.745,3132889.74219,7682.71565771,0.0
527,528,186,6073008352,8352,0,0.0343828971062,7491356.28393,990625.039062,4060.25085627,0.0
528,529,265,6073009801,9801,0,0.0782518453017,22515747.9191,2968727.6875,9184.34983999,0.0
529,530,630,6073019804,19804,0,0.0671427497076,27423119.0253,3645812.38281,8189.80065322,0.0
530,531,341,6073013309,13309,0,0.0701868766534,27203095.8977,3572206.01953,8648.06815992,0.0
531,532,671,6073020111,20111,0,0.188755196356,152816203.861,20328042.9023,23280.4727997,0.0
532,533,606,6073019110,19110,0,0.333502671232,576441041.689,76826034.1992,40237.8584171,0.0
533,534,712,6073020903,20903,0,2.39654808422,13930650628.0,1856074726.0,285054.77131,0.0
534,535,494,6073017049,17049,0,0.151907963956,116326719.293,15387811.5195,17907.1613525,0.0
535,536,411,6073015200,15200,0,0.103402164484,46199228.5986,6087466.64062,12401.4194181,0.0
536,537,501,6073017056,17056,0,0.0948363447358,29958550.8536,3966333.05469,11720.6567702,0.0
537,538,237,6073009104,9104,0,0.0647385804945,18334239.0811,2416378.38281,7575.97994965,0.0
538,539,503,6073017058,17058,0,0.0884560160583,19171721.1617,2541632.62891,11145.8450431,0.0
539,540,514,6073017069,17069,0,0.0406015918206,10594120.4922,1403407.8125,5014.77979011,0.0
540,541,385,6073013905,13905,0,0.0676154730011,23732222.7506,3123735.67188,8278.19794014,0.0
541,542,607,6073019111,19111,0,0.274008025519,312671362.622,41620749.4375,33008.3003123,0.0
542,543,523,6073017112,17112,0,0.204979969092,149637946.792,19853989.5938,24785.1991221,0.0
543,544,474,6073017014,17014,0,0.0736573010765,21599511.992,2861976.64062,8900.79004705,0.0
544,545,202,6073008369,8369,0,0.0767767590449,16089388.8688,2128532.69531,9523.23692697,0.0
545,546,226,6073008513,8513,0,0.0655476369487,15692568.7574,2069322.42969,8162.01868748,0.0
546,547,208,6073008375,8375,0,0.0703406768316,11129680.1582,1469699.00391,8295.34233243,0.0
547,548,504,6073017059,17059,0,0.0616511698555,23046766.9398,3054698.48047,7685.57063615,0.0
548,549,721,6073021206,21206,0,0.349347613579,461212793.163,60896411.0039,41779.0766846,0.0
549,550,499,6073017054,17054,0,0.142970215799,72393398.1156,9586514.53906,17113.9444563,0.0
550,551,243,6073009204,9204,0,0.0713024491584,22122712.9493,2916333.05469,8878.90141697,0.0
551,552,168,6073008313,8313,0,0.0894696267721,25572772.56,3376127.39844,11186.0349259,0.0
552,553,14,6073001100,1100,0,0.0385220490271,10051641.6479,1324326.83594,4652.28657694,0.0
553,554,484,6073017037,17037,0,0.0732169963896,34227002.2524,4528303.97266,8832.49323257,0.0
554,555,547,6073017809,17809,0,0.0684953022428,16763156.9866,2228292.13672,8107.59833912,0.0
555,556,370,6073013425,13425,0,0.0723907606237,31903319.9769,4192652.125,8667.70700181,0.0
556,557,273,6073010005,10005,0,0.056668051315,16204459.9694,2125305.46484,6625.86538529,0.0
557,558,1,6073000100,100,0,0.0557098866909,16105533.9568,2121345.28516,6727.61390072,0.0
558,559,364,6073013418,13418,0,0.053939897094,19507708.5038,2563485.52734,6590.16490154,0.0
559,560,386,6073013906,13906,0,0.073635867662,19202378.0622,2527763.64453,9010.21769547,0.0
560,561,214,6073008381,8381,0,0.0288246899584,4979345.46912,658465.15625,3582.95263735,0.0
561,562,166,6073008311,8311,0,0.0810143922994,27033179.145,3566521.26953,9862.81727699,0.0
562,563,600,6073019002,19002,0,0.348995679631,408043673.566,54525117.9336,43190.5211098,0.0
563,564,159,6073008202,8202,0,0.0572322279753,4945340.54832,652739.972656,6974.01035632,0.0
564,565,171,6073008328,8328,0,0.140428436386,76752563.3298,10158850.9141,16503.6128826,0.0
565,566,673,6073020206,20206,0,0.0359037939682,8951854.86116,1189517.21875,4387.55706443,0.0
566,567,225,6073008512,8512,0,0.0612989578653,22398016.7451,2953929.59375,7553.15462742,0.0
567,568,179,6073008345,8345,0,0.0680993214005,20583236.5869,2717099.53125,8032.51654226,0.0
568,569,611,6073019208,19208,0,0.307498388838,323576146.992,43066601.8633,37474.8785175,0.0
569,570,285,6073010104,10104,0,0.057448235747,17373802.5722,2278833.47266,7152.92050376,0.0
570,571,250,6073009502,9502,0,0.0753032843759,36325647.8157,4793374.23047,9120.04272511,0.0
571,572,215,6073008501,8501,0,0.075234110577,32716530.6485,4316970.38281,9161.54394107,0.0
572,573,335,6073013301,13301,0,0.0538097465515,18038297.2785,2369009.95312,6408.67230622,0.0
573,574,525,6073017201,17201,0,0.101650986746,15686651.6932,2075675.42188,13068.8916419,0.0
574,575,346,6073013318,13318,0,0.0498547650959,17542263.1304,2303896.16016,6044.76087671,0.0
575,576,210,6073008377,8377,0,0.0298837198297,3721456.8043,491471.148438,3524.09497647,0.0
576,577,522,6073017111,17111,0,0.374086767136,250957279.576,33279298.5508,44677.5564757,0.0
577,578,267,6073009804,9804,0,0.0602077736382,20379114.7383,2687627.48047,7218.01336966,0.0
578,579,74,6073003209,3209,0,0.0545302882016,14173773.4458,1863985.46875,6675.93261225,0.0
579,580,59,6073003103,3103,0,0.0657123270077,21955094.0469,2888829.86719,7734.83886283,0.0
580,581,466,6073016811,16811,0,0.0877012953293,35393293.8664,4671719.59375,10675.3206594,0.0
581,582,198,6073008365,8365,0,0.101097743225,24756344.7193,3274704.45703,11893.3791344,0.0
582,583,81,6073003304,3304,0,0.0324107065267,6339389.53194,834125.429688,3798.8232495,0.0
583,584,301,6073010900,10900,0,0.0538356256316,13601453.2035,1788814.83984,6542.23884996,0.0
584,585,592,6073018803,18803,0,0.330022842464,524908692.04,69976760.0742,40243.9739184,0.0
585,586,579,6073018609,18609,0,0.0509680221498,14163435.3909,1886681.57812,6125.42370038,0.0
586,587,520,6073017108,17108,0,0.0588667104342,22601360.2747,2997216.04688,7081.33197538,0.0
587,588,302,6073011000,11000,0,0.0434888500589,9543209.9582,1255318.91016,5329.00610586,0.0
588,589,367,6073013422,13422,0,0.125890587193,61031569.9305,8024371.41406,15216.5120758,0.0
589,590,605,6073019109,19109,0,0.52080907697,964179159.332,128650409.137,62599.0967758,0.0
590,591,432,6073016100,16100,0,0.0881769314394,30492123.1317,4020549.97656,10559.3885883,0.0
591,592,135,6073007302,7302,0,0.0370253904571,8987291.31975,1183307.28125,4489.1950689,0.0
592,593,207,6073008374,8374,0,0.0810262559571,34077110.9796,4506605.51953,9841.15146938,0.0
593,594,58,6073003101,3101,0,0.0424486827832,11304679.0948,1487203.28516,5165.85365642,0.0
594,595,489,6073017044,17044,0,0.0848890109914,25993037.4329,3437288.51172,9947.39089945,0.0
595,596,173,6073008331,8331,0,0.0414096644894,10270498.9007,1358600.46875,4888.24326025,0.0
596,597,209,6073008376,8376,0,0.0636715412393,13475769.8281,1779669.20703,7575.18311892,0.0
597,598,477,6073017021,17021,0,0.27053977079,349083998.042,46242336.0938,32839.7585433,0.0
598,599,604,6073019108,19108,0,1.07365066495,2131275896.98,284501374.492,127380.782471,0.0
599,600,363,6073013417,13417,0,0.0652706578695,21677366.4497,2849199.27734,7815.21227885,0.0
600,601,282,6073010018,10018,0,0.104477013928,36800611.6684,4828062.72266,12476.0805036,0.0
601,602,481,6073017034,17034,0,0.0796659190917,28726119.794,3804036.26562,9866.49101325,0.0
602,603,269,6073009901,9901,0,0.172600753665,60451295.9965,7951090.03125,21162.9336849,0.0
603,604,643,6073020021,20021,0,0.0795965069968,31152872.9901,4140490.16016,9485.79151769,0.0
604,605,63,6073003109,3109,0,0.0470885781482,11774202.9661,1548707.66797,5515.98327982,0.0
605,606,290,6073010111,10111,0,0.0342471363863,6518664.50611,854960.230469,4101.63751015,0.0
606,607,463,6073016807,16807,0,0.121020527669,56777360.5822,7492585.23438,14909.3995205,0.0
607,608,612,6073019209,19209,0,0.23165854985,238239837.86,31724460.5039,28379.6527395,0.0
608,609,131,6073006900,6900,0,0.0564470534217,19595208.9418,2580417.61328,6854.3389016,0.0
609,610,692,6073020405,20405,0,0.0985438871216,55195117.2958,7324571.73047,11840.8087662,0.0
610,611,268,6073009805,9805,0,0.117581887054,80463658.854,10613334.6367,13983.2851515,0.0
611,612,518,6073017106,17106,0,0.316564783719,326235199.632,43232259.0508,38056.9221322,0.0
612,613,524,6073017113,17113,0,0.171155965826,96845980.7767,12851437.4492,20832.0829943,0.0
613,614,272,6073010004,10004,0,0.0627422541048,15191296.3638,1992728.89844,7212.7224513,0.0
614,615,254,6073009507,9507,0,0.0881036531815,43795389.8781,5776956.1875,10464.6621331,0.0
615,616,670,6073020110,20110,0,0.365700909219,511216883.669,67994474.6484,43713.3370232,0.0
616,617,528,6073017305,17305,0,0.0943805830063,45259574.341,5995249.625,11058.7655538,0.0
617,618,487,6073017041,17041,0,0.0837551796242,33456056.1128,4427953.20703,10282.4434212,0.0
618,619,662,6073020042,20042,0,0.0839496131846,40172400.0301,5334637.65234,10374.8327556,0.0
619,620,379,6073013608,13608,0,0.0451175105926,13273439.3631,1748205.11328,5486.72451592,0.0
620,621,718,6073021202,21202,0,0.987133323187,1938118230.95,255716533.984,118987.213604,0.0
621,622,280,6073010016,10016,0,0.225764273356,206295759.794,27066319.7227,26421.0636457,0.0
622,623,414,6073015403,15403,0,0.0723543805516,33053449.2533,4355402.42969,8732.70779514,0.0
623,624,200,6073008367,8367,0,0.0638355240147,20030993.9224,2651227.95703,7645.0813181,0.0
624,625,533,6073017405,17405,0,0.0469420502164,13720224.4475,1818596.24219,5654.43114606,0.0
625,626,507,6073017062,17062,0,0.173613672238,136082489.919,18018673.9609,20518.5147879,0.0
626,627,679,6073020213,20213,0,0.0289857968316,3620096.10488,480925.902344,3622.64540488,0.0
627,628,433,6073016201,16201,0,0.0901097650779,51170860.8598,6749279.32422,10998.1316854,0.0
628,629,172,6073008330,8330,0,0.047917601218,16505436.7453,2183795.80469,5723.9903673,0.0
629,630,502,6073017057,17057,0,0.0780479501994,32152092.3568,4261747.24219,9665.84447284,0.0
630,631,731,6073021800,21800,0,0.072680172725,16032121.8026,2108524.17578,8784.69749383,0.0
631,632,299,6073010601,10601,0,0.158920235725,107892450.828,14167148.6445,20038.0041174,0.0
632,633,153,6073008002,8002,0,0.0501069049262,11749640.3095,1549548.53906,6001.77440432,0.0
633,634,667,6073020107,20107,0,0.0722434876686,24927766.2444,3313298.10938,8803.5889766,0.0
634,635,204,6073008371,8371,0,0.0649365161686,22550648.2068,2981100.14844,7857.23372871,0.0
635,636,480,6073017033,17033,0,0.131077910954,99267133.7204,13142388.8711,16106.8469491,0.0
636,637,642,6073020019,20019,0,0.0848329896668,36567901.4676,4858076.97656,10313.49561,0.0
637,638,716,6073021101,21101,0,1.28231946625,6544009830.19,860421353.258,151899.804838,0.0
638,639,448,6073016613,16613,0,0.0396514686039,8992314.76781,1186959.55469,4705.24683853,0.0
639,640,25,6073001900,1900,0,0.0677574853704,18144443.4518,2390799.71875,8177.11361873,0.0
640,641,143,6073007602,7602,0,0.0700286652411,8921047.20531,1175404.26953,8678.74135862,0.0
641,642,619,6073019404,19404,0,0.0501769553134,12027281.2487,1600914.13672,6124.7112726,0.0
642,643,57,6073003004,3004,0,0.055439628884,13198331.7206,1736860.14844,6419.45436943,0.0
643,644,685,6073020310,20310,0,0.113215306516,61215585.4383,8131701.125,13767.4573649,0.0
644,645,72,6073003207,3207,0,0.121692126382,60223006.0883,7917897.44922,14579.3775719,0.0
645,646,666,6073020106,20106,0,0.0608135360178,19625074.6981,2608283.01172,7627.23555218,0.0
646,647,529,6073017306,17306,0,0.0958213409927,50597873.8844,6700221.76172,11456.592147,0.0
647,648,197,6073008364,8364,0,0.0573922385371,10647883.8738,1405890.53516,7108.35511007,0.0
648,649,361,6073013415,13415,0,0.0487947501657,12493331.7581,1641315.57031,5880.89536917,0.0
649,650,167,6073008312,8312,0,0.230159433667,94136303.4726,12437044.6289,29268.1796834,0.0
650,651,645,6073020024,20024,0,0.0634681861822,18533820.9858,2463081.23828,7634.59677936,0.0
651,652,165,6073008310,8310,0,0.120318702772,55612494.7825,7337024.45703,14852.0063351,0.0
652,653,445,6073016608,16608,0,0.0794919855007,26944499.9161,3558300.30859,9639.21176864,0.0
653,654,661,6073020041,20041,0,0.0416896987822,8366435.78415,1112023.33203,5171.24429386,0.0
654,655,354,6073013326,13326,0,0.0636435812037,16658288.3959,2187286.24219,7429.34793617,0.0
655,656,133,6073007100,7100,0,0.130241963912,30816288.9352,4055710.48047,15808.9867866,0.0
656,657,134,6073007200,7200,0,0.083263660999,30148798.8156,3968313.46875,10362.8105414,0.0
657,658,174,6073008336,8336,0,0.0414869527852,8918077.29849,1180373.98047,5086.82768321,0.0
658,659,27,6073002002,2002,0,0.0562003905473,13775513.0513,1814926.53125,6825.18917885,0.0
659,660,304,6073011300,11300,0,0.140053658283,109216298.342,14368203.6719,16774.2686919,0.0
660,661,647,6073020026,20026,0,0.139364735537,41171425.3184,5469220.51562,16379.9388338,0.0
661,662,465,6073016810,16810,0,0.0616033871469,24815621.7247,3275628.43359,7630.25774038,0.0
662,663,164,6073008307,8307,0,0.0637057171262,23405793.2393,3089831.92969,7729.18167501,0.0
663,664,702,6073020712,20712,0,0.113229796606,65350704.313,8682292.35938,13732.2292358,0.0
664,665,479,6073017031,17031,0,0.0447943077622,11393108.0522,1510024.38672,5404.70380155,0.0
665,666,351,6073013323,13323,0,0.0604063763819,21294882.9671,2797551.125,7264.47575964,0.0
666,667,196,6073008363,8363,0,0.0229175931861,2738389.39666,361607.351562,2804.24731267,0.0
667,668,516,6073017071,17071,0,0.115945585974,68964450.9132,9137105.37891,13856.3553705,0.0
668,669,308,6073011801,11801,0,0.03182330945,7016836.7058,922714.355469,3842.91212397,0.0
669,670,657,6073020037,20037,0,0.0668395046425,22510172.9313,2991536.83594,8209.5207588,0.0
670,671,515,6073017070,17070,0,0.0722802180041,28178349.4272,3733141.30469,8902.92560066,0.0
671,672,253,6073009506,9506,0,0.0642285422801,16403668.9922,2164127.72266,7590.34451673,0.0
672,673,498,6073017053,17053,0,0.133045793776,57210815.9729,7578003.51953,16445.9471973,0.0
673,674,722,6073021302,21302,0,1.17424506036,4114215447.74,540852528.414,140190.314131,0.0
674,675,175,6073008337,8337,0,0.051804810629,16926381.4751,2239852.53516,6094.08254806,0.0
675,676,617,6073019305,19305,0,0.0602670747899,13848062.3871,1843393.01953,7246.51457721,0.0
676,677,485,6073017039,17039,0,0.137008182831,51587534.8967,6826433.5625,16334.689002,0.0
677,678,492,6073017047,17047,0,0.0715352738161,22915324.1164,3029351.53516,8552.86306456,0.0
678,679,593,6073018804,18804,0,0.224551928327,249582460.48,33301047.3281,27772.3818436,0.0
679,680,163,6073008306,8306,0,0.0664478576342,29379784.9424,3878031.13281,8069.67968921,0.0
680,681,509,6073017064,17064,0,0.0626913674287,20152747.9956,2671048.08984,7793.42531032,0.0
681,682,456,6073016621,16621,0,0.157658214514,65215526.6277,8612210.01172,19409.6974898,0.0
682,683,453,6073016618,16618,0,0.0616169771454,11579036.8523,1527930.42969,7349.59647644,0.0
683,684,713,6073020904,20904,0,0.837509857841,1611303757.04,213678143.676,102036.04785,0.0
684,685,488,6073017043,17043,0,0.0773590567763,32677137.0717,4321180.38672,9400.33086439,0.0
685,686,420,6073015502,15502,0,0.327836125247,278916748.424,36785485.5703,39952.8891557,0.0
686,687,513,6073017068,17068,0,0.0934303403898,35034695.2432,4634235.74609,10880.002316,0.0
687,688,251,6073009504,9504,0,0.477141566429,635839598.29,84025137.2344,57447.6556293,0.0
688,689,586,6073018619,18619,0,0.239189190092,258700993.979,34488671.9922,29470.4434788,0.0
689,690,231,6073008901,8901,0,0.0633765468453,13983319.4485,1842641.27344,7649.45035133,0.0
690,691,598,6073018906,18906,0,0.107047926066,48190359.0323,6435591.82031,12944.5982716,0.0
691,692,191,6073008358,8358,0,0.0620697706583,20286255.8536,2681520.5,7364.51592853,0.0
692,693,548,6073017810,17810,0,0.0949332638204,41335071.1272,5493422.70703,11100.2368007,0.0
693,694,347,6073013319,13319,0,0.19054054524,82492364.1087,10831751.2305,23975.0550173,0.0
694,695,369,6073013424,13424,0,0.0760052180146,31120712.3752,4090037.95703,9074.09301509,0.0
695,696,242,6073009203,9203,0,0.0533385921273,16437145.5933,2166404.96484,6441.17848527,0.0
696,697,416,6073015406,15406,0,0.111641742873,65392850.8034,8617027.63672,13575.9974157,0.0
697,698,496,6073017051,17051,0,0.0934413139981,26741271.4091,3542284.22656,11439.4906844,0.0
698,699,490,6073017045,17045,0,0.0726947680863,20990671.7747,2775899.64062,8572.02793118,0.0
699,700,132,6073007002,7002,0,0.0556720273981,15537157.0241,2045535.07422,6801.36816796,0.0
700,701,233,6073009000,9000,0,0.048055833899,13259476.7313,1747480.51953,5792.84319682,0.0
701,702,262,6073009704,9704,0,0.0861131819669,33727358.9214,4447834.08594,10270.809279,0.0
702,703,201,6073008368,8368,0,0.0855785394591,28443172.0035,3764784.76953,10550.0121293,0.0
703,704,691,6073020404,20404,0,0.0967201274365,40719222.5707,5405300.32422,11829.1752708,0.0
704,705,300,6073010800,10800,0,0.0323810206196,7117528.39711,936171.074219,3883.37702024,0.0
705,706,519,6073017107,17107,0,0.0655640649311,20319020.8753,2695148.21484,7819.72921777,0.0
706,707,708,6073020811,20811,0,0.390538732062,516891707.713,68468692.2773,47036.1881912,0.0
707,708,546,6073017808,17808,0,0.114319622709,60741857.0295,8063386.53516,13528.2313671,0.0
708,709,660,6073020040,20040,0,0.12845893447,46653094.6201,6202403.69531,16188.9691893,0.0
709,710,574,6073018523,18523,0,0.0594333052987,17358416.076,2310933.19141,7089.07671658,0.0
710,711,199,6073008366,8366,0,0.124619456586,64948299.8436,8593000.70703,14972.462045,0.0
711,712,446,6073016609,16609,0,0.0961566559444,51341929.081,6781268.19531,11928.0498833,0.0
712,713,669,6073020109,20109,0,0.0641393497223,16601864.8725,2206207.60547,7543.38099674,0.0
713,714,205,6073008372,8372,0,0.172863286295,78255859.6382,10348028.5859,20565.3757998,0.0
714,715,266,6073009802,9802,0,0.0586860731578,21384674.6416,2819492.77734,7022.19379483,0.0
715,716,356,6073013401,13401,0,0.0686459295941,24220102.5721,3181701.40625,8353.94531001,0.0
716,717,360,6073013414,13414,0,0.0726702360943,30882806.3405,4056577.17969,8620.03811055,0.0
717,718,462,6073016806,16806,0,0.0666391870244,16428858.7412,2167626.39453,8083.64106617,0.0
718,719,493,6073017048,17048,0,0.0785708328554,40710679.8712,5385771.22266,9524.9541662,0.0
719,720,601,6073019103,19103,0,0.50860237593,677524841.181,90296694.2227,62307.9778916,0.0
720,721,587,6073018620,18620,0,0.0358438979414,7745893.96277,1032025.94531,4338.33781525,0.0
721,722,714,6073021001,21001,0,2.45299261743,17597152794.1,2329918490.49,299399.256026,0.0
722,723,720,6073021205,21205,0,0.192745255182,106915727.723,14107229.9844,22520.534611,0.0
723,724,505,6073017060,17060,0,0.133696762139,44780640.259,5937758.13672,16019.9096745,0.0
724,725,76,6073003212,3212,0,0.0569726251504,13538638.9405,1779899.66406,6865.16674483,0.0
725,726,344,6073013316,13316,0,0.0756887866297,28779043.2557,3780594.93359,9149.36955703,0.0
726,727,206,6073008373,8373,0,0.0723334404493,33590267.8696,4441973.38281,8914.69594778,0.0
727,728,472,6073017009,17009,0,0.0768160925586,37577071.3041,4973590.44141,9399.76781759,0.0
728,729,162,6073008305,8305,0,0.0896274116748,47981457.9429,6338054.21875,10760.7812299,0.0
729,730,706,6073020807,20807,0,0.59405828402,1031609685.46,136903900.016,70803.8281241,0.0
730,731,413,6073015302,15302,0,0.0884074157585,36536429.2865,4814745.39453,10508.9353587,0.0
731,732,394,6073014200,14200,0,0.0691408534507,24468499.2485,3221013.32031,8569.39421475,0.0
732,733,73,6073003208,3208,0,0.0519480143227,14646232.6928,1925904.71094,6490.49473396,0.0
733,734,161,6073008303,8303,0,0.0918145786292,47426103.1221,6259172.01953,10881.1892179,0.0
734,735,615,6073019303,19303,0,0.161405213419,91025884.8427,12122868.2695,19175.6142314,0.0
735,736,653,6073020033,20033,0,0.0595258545128,17711294.0631,2351311.67578,7192.8670624,0.0
